name_ru,name_en
CD-чейнджер,CD changer
DVD,DVD
DVD-чейнджер,DVD changer
TV тюнер,TV tuner
Абсорбер бампера,Bumper Absorber
Автономный кондиционер,Autonomous air conditioner
Автономный отопитель,Autonomous heater
Адсорбер,Adsorber
Аккумулятор (АКБ),Battery (battery)
Аккумуляторный ящик (АКБ),Battery box (battery)
Активатор (привод) замка двери,Activator (drive) of the door lock
Активатор замка багажника,Trunk lock activator
Активатор замка крышки топливного бака,Fuel Tank Cap Lock Activator
Актуатор HSR,HSR Actuator
Актуатор выбора передач,Gear selection actuator
Актуатор сцепления,Clutch actuator
Амортизатор (демпфер) рулевой рейки,Shock absorber (damper) steering rack
Амортизатор двери,Door shock absorber
Амортизатор задний,Rear shock absorber
Амортизатор задний левый,Shock absorber rear left
Амортизатор задний правый,Shock absorber rear right
Амортизатор кабины,Cab shock absorber
Амортизатор капота,Hood shock absorber
Амортизатор крышки багажника (3-5 двери),Trunk lid shock absorber (3-5 doors)
Амортизатор передний,Front shock absorber
Амортизатор передний левый,Shock absorber front left
Амортизатор передний правый,Shock absorber front right
Амортизатор пола багажника,Trunk floor shock absorber
Амортизатор сиденья,Seat shock absorber
Амортизатор спальника,Sleeping bag shock absorber
Амортизатор стекла багажника,Shock absorber of the trunk glass
Ангельские глазки в фары,Angel eyes in the headlights
Антенна,Antenna
Антенна Bluetooth,Bluetooth Antenna
Антенна иммобилайзера,Immobilizer antenna
Антенна навигации,Navigation antenna
Антенна сигнализации,Alarm antenna
Антенна системы Комфортный доступ,Antenna system Comfortable access
Аптечка,First aid kit
Арка задняя левая,Arch rear left
Арка задняя правая,Rear right arch
Арка передняя левая,Front left arch
Арка передняя правая,Front right arch
Аудиосистема (комплект),Audio system (set)
Багажник на крышу,Roof rack
Бак AdBlue,AdBlue Tank
Бак гидравлический,Hydraulic tank
Бак масляный,Oil tank
Бак топливный,Fuel tank
Балка под КПП,Beam under the checkpoint
Балка под радиатор,Beam under the radiator
Балка подвески задняя,Suspension beam rear
Балка подвески передняя (подрамник),Suspension beam front (subframe)
Бампер задний,Rear bumper
Бампер передний,Front bumper
Барабан АКПП,Automatic transmission drum
Барабан тормозной,Brake drum
Бардачок,Glove compartment
Бачок LHM,LHM tank
Бачок гидроусилителя,Power steering tank
Бачок главного тормозного цилиндра,Tank of the main brake cylinder
Бачок главного цилиндра сцепления,Clutch master cylinder tank
Бачок иолиса,Iolis tank
Бачок кондиционера,Air conditioner tank
Бачок омывателя,Washer tank
Бачок омывателя фар,Headlight washer tank
Бачок расширительный,Expansion tank
Бачок тормозной жидкости,Brake fluid tank
Башмак рессоры,Spring shoe
Бендикс (обгонная муфта) стартера,Bendix (overrunning clutch) of the starter
Беспроводное зарядное устройство,Wireless Charger
Бленда,Blend
Блок ABS,ABS unit
Блок AGW,AGW Block
Блок AirBag,AirBag Unit
Блок AKS,AKS Block
Блок Bluetooth,Bluetooth Unit
Блок BSI,BSI Block
Блок BSM,BSM Block
Блок CCS,CCS Block
Блок CEM,CEM Block
Блок FFR,FFR Block
Блок REM,REM Block
Блок SAM,SAM Block
Блок VCM LTE,VCM LTE Unit
Блок VECU,VECU Block
Блок VIC,The VIC block
Блок ZBR,ZBR Block
Блок аварийного вызова,Emergency Call Block
Блок бортовой сети (блок управления BCM),On-board network unit (BCM control unit)
Блок клапанов активного стабилизатора,Active stabilizer Valve Block
Блок клапанов гидроподвески,Hydraulic suspension valve block
Блок клапанов пневмоподвески,Air suspension valve block
Блок кнопок,Button Block
Блок комфорта,Comfort Unit
Блок контроля АКБ,Battery control unit
Блок контроля давления в шинах,Tire pressure monitoring unit
Блок контроля мощности,Power control unit
Блок координатор,Coordinator Block
Блок круиз-контроля,Cruise control unit
Блок мультимедиа,Multimedia Block
Блок навигации,Navigation block
Блок памяти сидений,Seat Memory unit
Блок питания,Power supply unit
Блок предохранителей,Fuse box
Блок радио,Radio Unit
Блок регулировки угла наклона фар,Headlight angle adjustment unit
Блок реле,Relay unit
Блок розжига LED,LED ignition unit
Блок розжига ксенона,Xenon ignition unit
Блок ручника (стояночного тормоза),Handbrake unit (parking brake)
Блок согласования фаркопа,Towbar approval unit
Блок соленоидов АКПП,Automatic transmission solenoid unit
Блок считывания ключ-карты,Key Card Reader unit
Блок управления (другие),Control unit (other)
Блок управления AAM,AAM Control Unit
Блок управления ABS,ABS control Unit
Блок управления Active Sound Design,Active Sound Design Control Unit
Блок управления AdBlue,AdBlue Control Unit
Блок управления AMI,AMI Control Unit
Блок управления BDC,BDC Control Unit
Блок управления CAS,CAS Control Unit
Блок управления Dynamic Drive,Dynamic Drive Control Unit
Блок управления Easytronic,Easytronic control unit
Блок управления EBS,EBS Control Unit
Блок управления EGAS,EGAS Control Unit
Блок управления ESP,ESP Control Unit
Блок управления ETS,ETS Control Unit
Блок управления FEM,FEM Control Unit
Блок управления FFC,FFC Control Unit
Блок управления HSR,HSR Control Unit
Блок управления ICM,ICM Control Unit
Блок управления KaFAS,KaFAS Control Unit
Блок управления KSM,KSM Control Unit
Блок управления MPX,MPX Control Unit
Блок управления SAS,SAS Control Unit
Блок управления Shift Lock,Shift Lock Control Unit
Блок управления USB,USB Control Unit
Блок управления VDP,VDP Control Unit
Блок управления VVT Valvetronic,VVT Valvetronic control unit
Блок управления ZGW,ZGW Control Unit
Блок управления автономным отопителем,Autonomous heater control unit
Блок управления автопилотом,Autopilot control Unit
Блок управления аккумулятором (АКБ),Battery control unit (battery)
Блок управления АКПП,Automatic transmission control unit
Блок управления бесключевым доступом,Keyless access control unit
Блок управления блокировкой дифференциала,Differential lock control unit
Блок управления вентилятором радиатора,Radiator fan control unit
Блок управления газового оборудования,Gas equipment control unit
Блок управления гибрида,Hybrid control unit
Блок управления гидроподвеской,Hydraulic suspension control unit
Блок управления двери,Door control unit
Блок управления двери задней левой,Rear left door control unit
Блок управления двери задней правой,Rear right door control unit
Блок управления двери передней левой,Front left door control unit
Блок управления двери передней правой,Front right door control unit
Блок управления двигателем,Engine control unit
Блок управления движением по полосам,Lane Traffic Control Unit
Блок управления дистанционным запуском,Remote start control unit
Блок управления заднего редуктора,Rear gearbox control unit
Блок управления заднего функционального модуля,Control unit of the rear functional module
Блок управления зеркалами,Mirror Control Unit
Блок управления кабины,Cab control unit
Блок управления камерой,Camera control unit
Блок управления коммутационным центром,Switching center control unit
Блок управления кондиционера,Air conditioner control unit
Блок управления крыши / люка,Roof/sunroof control unit
Блок управления крышкой багажника,Trunk lid control unit
Блок управления магнитолой,Radio control unit
Блок управления монитором,Monitor Control Unit
Блок управления муфты Haldex,Haldex clutch control unit
Блок управления ограничения скорости (CVM),Speed Limit Control Unit (CVM)
Блок управления парктрониками,Parking sensors control unit
Блок управления печки/климат-контроля,Stove/climate control control unit
Блок управления пневмоподвеской,Air suspension control unit
Блок управления подогревом лобового стекла,Windshield heating control unit
Блок управления подогревом сидения,Seat heating control unit
Блок управления подрулевыми переключателями,Steering wheel control unit
Блок управления полным приводом,All-wheel drive control unit
Блок управления противоугонной системой,Anti-theft system control unit
Блок управления раздаточной коробки,Transfer case control unit
Блок управления ремнем безопасности,Seat belt control unit
Блок управления ретардером,Retarder control unit
Блок управления роботизированной КПП,The control unit of the robotic checkpoint
Блок управления рулевой колонки,Steering column control unit
Блок управления рулевой рейки,Steering rack control unit
Блок управления светом,Light control unit
Блок управления светом AFS,AFS Light Control Unit
Блок управления светом HCM,HCM Light Control Unit
Блок управления сервотроника,Servotronics control unit
Блок управления сигнализацией,Alarm control unit
Блок управления сиденьем,Seat control unit
Блок управления системы Комфортный доступ,The control unit of the Comfort access system
Блок управления системы нейтрализации ОГ,Control unit of the exhaust gas neutralization system
Блок управления стеклоподъемниками,Power window control unit
Блок управления телекоммуникаций,Telecommunications Control Unit
Блок управления телефоном,Phone control unit
Блок управления ТНВД,Fuel pump control unit
Блок управления топливным насосом,Fuel pump control unit
Блок управления турбиной,Turbine control unit
Блок управления форсунками,Nozzle control unit
Блок управления центральным замком,Central lock control unit
Блок управления электроусилителя руля,Electric power steering control unit
Блок цилиндров,Cylinder block
Боковина кузова левая,Left sidewall of the body
Боковина кузова правая,Right sidewall of the body
Бокс выдвижной под сиденье,Pull-out box under the seat
Бокс межкресельный,Inter-seat box
Болт,Pin
Болт генератора,Generator Bolt
Болт колесный,Wheel bolt
Болт маховика,Flywheel Bolt
Болт развальный,The bolt is collapsible
Болт шкива коленвала,Crankshaft Pulley Bolt
Борт откидной,Folding side
Брелок (пульт дистанционного управления),Keychain (remote control)
Брызговик,Mudguard
Вакуумный ресивер,Vacuum receiver
Вакуумный усилитель тормозов,Vacuum brake booster
Вал балансирный,Balancing shaft
"Вал КПП (АКПП, раздатки)","Gearbox shaft (automatic transmission, distributor)"
Вал промежуточный,Intermediate shaft
Вал рулевой рейки,Steering rack shaft
Вал ТНВД,Fuel pump shaft
Вал тормозной,Brake shaft
Вариатор,Variator
Велобагажник на крышку багажника,Bicycle bag on the trunk lid
Велобагажник на крышу,Bike rack on the roof
Велобагажник на фаркоп,Bicycle towbar
Венец зубчатый маховика,Crown gear flywheel
Вентилятор кондиционера,Air conditioner fan
Вентилятор охлаждения батареи,Battery Cooling Fan
Вентилятор охлаждения отсека электроники,Electronics compartment cooling fan
Вентилятор радиатора,Radiator fan
Ветрозащитная перегородка,Windproof partition
Вибромотор руля,Steering wheel vibration motor
Видеомодуль,Video module
Вилка амортизатора,Shock absorber fork
Вилка стартера,Starter plug
Вилка сцепления,Clutch fork
Винтовая подвеска (койловеры),Screw suspension (coilovers)
Вискомуфта,Viskomufta
Вкладыш коренной,Root Insert
Вкладыш шатунный,Connecting rod insert
Водосток капота,Hood drain
Водосток крышки багажника левый,Trunk lid drain left
Водосток крышки багажника правый,Trunk lid drain right
Воздуховод,Air duct
Воздуховод интеркулера,Intercooler air duct
Воздуховод радиатора,Radiator duct
Воздуховод тормозной левый,Brake air duct left
Воздуховод тормозной правый,Brake air duct right
Воздухозаборник,Air intake
Втулка направляющая выжимного подшипника,Sleeve guide of the release bearing
Втулка руля,Steering wheel hub
Втулка стабилизатора,Stabilizer bushing
Втулка шлицевая АКПП,Spline sleeve automatic transmission
Выключатель концевой (концевик),Limit switch (limit switch)
Выключатель массы (контактор),Mass switch (contactor)
Высоковольтная батарея,High voltage battery
Газовое оборудование (комплект),Gas equipment (set)
Газовый баллон,Gas cylinder
Газовый редуктор,Gas reducer
Гайка колесная,Wheel nut
Гайка ступицы,Hub Nut
Гайка топливного насоса,Fuel pump nut
Генератор,Generator
Генератор звука двигателя,Engine Sound Generator
Гидроаккумулятор,Hydraulic accumulator
Гидроблок АКПП,Automatic transmission hydroblock
Гидроборт,Hydroboard
Гидрокомпенсатор,Hydraulic compensator
Гидромуфта,Hydraulic coupling
Гидростойка задняя левая,Water resistance rear left
Гидростойка задняя правая,Hydraulic resistance rear right
Гидростойка передняя левая,Water resistance front left
Гидростойка передняя правая,Water resistance front right
Гидросфера,Hydrosphere
Гидросфера задняя левая,Hydrosphere rear left
Гидросфера задняя правая,Hydrosphere rear right
Гидросфера передняя левая,Hydrosphere front left
Гидросфера передняя правая,Hydrosphere front right
Гидротрансформатор АКПП (бублик),Automatic transmission torque converter (bagel)
Гидроцилиндр задний,Rear hydraulic cylinder
Гидроцилиндр рулевой,Steering hydraulic cylinder
Гильза цилиндра,Cylinder liner
Гироскоп,Gyroscope
Глушитель,Silencer
Глушитель автономного отопителя,Autonomous heater muffler
Головка блока цилиндров,Cylinder head
Головка стартера,Starter head
Горелка автономного отопителя,Burner of an autonomous heater
Горловина бака AdBlue,AdBlue Tank Neck
Горловина бачка омывателя,The neck of the washer tank
Горловина топливного бака,Fuel tank neck
Горный тормоз (ретардер),Mountain brake (retarder)
Гофра глушителя,Muffler corrugation
Гофра инжектора,Injector corrugation
Гофра проводки багажника,Trunk wiring corrugation
Гофра проводки двери,Door wiring Corrugation
Датчик (прочие),Sensor (other)
Датчик ABS,ABS sensor
Датчик ABS задний,ABS rear sensor
Датчик ABS передний,ABS sensor front
Датчик AirBag,AirBag Sensor
Датчик NOx,NOx sensor
Датчик абсолютного давления,Absolute pressure sensor
Датчик воды в топливном фильтре,Water sensor in the fuel filter
Датчик давления в шине,Tire pressure sensor
Датчик давления выхлопных газов,Exhaust gas pressure sensor
Датчик давления масла,Oil pressure sensor
Датчик давления масла АКПП,Automatic transmission oil pressure sensor
Датчик давления наддува,Boost pressure sensor
Датчик давления пневмосистемы,Pneumatic system pressure sensor
Датчик давления топлива,Fuel pressure sensor
Датчик детонации,Detonation sensor
Датчик доводчика багажника (двери),Trunk door closer sensor (door)
Датчик дождя,Rain sensor
Датчик загрязнения воздуха,Air pollution sensor
Датчик заднего хода (лягушка),Reverse gear sensor (frog)
Датчик закрытия крышки багажника,Trunk lid closing sensor
Датчик звукового сигнала (зуммер),Sound signal sensor (buzzer)
Датчик клапана турбины,Turbine valve sensor
Датчик коленвала,Crankshaft sensor
Датчик кондиционера,Air conditioner sensor
Датчик круиз-контроля,Cruise control sensor
Датчик курсовой устойчивости,Directional stability sensor
Датчик мертвых (слепых) зон,Sensor of dead (blind) zones
Датчик оборотов ТНВД,Sensor of fuel pump revolutions
Датчик парктроника,Parking sensor
Датчик педали тормоза (лягушка),Brake pedal sensor (frog)
Датчик положения АКПП (позиционер),Automatic transmission position sensor (positioner)
Датчик положения дроссельной заслонки,Throttle position sensor
Датчик положения кузова,Body position sensor
Датчик положения педали газа,Gas pedal position sensor
Датчик положения педали сцепления,Clutch pedal position sensor
Датчик положения подвески,Suspension position sensor
Датчик распредвала,Camshaft sensor
Датчик рулевой рейки (сервотроник),Steering rack sensor (servotronic)
Датчик света,Light sensor
Датчик системы Комфортный доступ,Sensor system Comfortable access
Датчик скорости,Speed sensor
Датчик температуры,Temperature sensor
Датчик температуры автономного отопителя,Autonomous heater temperature sensor
Датчик температуры выхлопных газов,Exhaust gas temperature sensor
Датчик температуры охлаждающей жидкости,Coolant temperature sensor
Датчик топливного фильтра,Fuel filter sensor
Датчик угла поворота руля,Steering angle sensor
Датчик удара,Impact sensor
Датчик уровня масла,Oil level sensor
Датчик уровня омывающей жидкости,Washer fluid level sensor
Датчик уровня охлаждающей жидкости,Coolant level sensor
Датчик уровня топлива,Fuel level sensor
Датчик уровня тормозной жидкости,Brake fluid level sensor
Датчик ускорения,Acceleration sensor
Датчик холодного пуска,Cold start sensor
Датчик холостого хода,Idling sensor
Датчик частоты вращения вала АКПП,Automatic transmission shaft speed sensor
Датчик эксцентрикового вала,Eccentric shaft sensor
Дверь задняя левая,Rear left door
Дверь задняя правая,Rear right door
Дверь задняя распашная левая,Rear swing door left
Дверь задняя распашная правая,Right rear swing door
Дверь передняя левая,Front left door
Дверь передняя правая,Front right door
Дверь сдвижная,Sliding door
Дверь сдвижная левая,Sliding door left
Дверь сдвижная правая,Sliding door right
Двигатель,Engine
Двигатель вентилятора радиатора,Radiator fan motor
Двигатель электролюка,Electric car engine
Декоративная крышка двигателя,Decorative engine cover
Демпфер,Damper
Держатель капота,Hood Holder
Дефлектор (обтекатель) кабины,Deflector (fairing) of the cabin
Дефлектор капота,Hood deflector
Дефлектор обдува салона,Interior air deflector
Дефлектор радиатора,Radiator deflector
Дефлекторы окон (ветровики),Window deflectors (windshields)
Джойстик регулировки зеркал,Joystick for adjusting mirrors
Джойстик регулировки рулевой колонки,Steering column adjustment joystick
Джойстик управления мультимедиа,Multimedia control joystick
Диагностический интерфейс,Diagnostic interface
Динамик,Speaker
Динамик высокочастотный (пищалка),High-frequency speaker (squeaker)
Динамик двери задней левой,Rear left door speaker
Динамик двери задней правой,Rear right door speaker
Динамик двери передней левой,Front left door speaker
Динамик двери передней правой,Front right door speaker
Динамик торпедо левый,Torpedo speaker left
Динамик торпедо правый,The torpedo speaker is right
Диск литой,Cast disc
Диск опорный тормозной,Brake support disc
Диск сцепления,Clutch disc
Диск тормозной (комплект),Brake disc (set)
Диск тормозной задний,Rear brake disc
Диск тормозной передний,Front brake disc
Диск штампованный,Disk Stamped
Дисплей,Display
Дисплей компьютера,Computer Display
Дистроник,Distronic
Дифференциал,Differential
Диффузор вентилятора,Fan diffuser
Диффузор заднего бампера,Rear bumper diffuser
Дневные ходовые огни (комплект),Daytime running lights (set)
Дневные ходовые огни левые,Daytime running lights left
Дневные ходовые огни правые,Daytime running lights right
Доводчик двери,Door closer
Дождевик,Raincoat
Дозатор-распределитель топлива,Fuel dispenser-distributor
Домкрат,Jack
Дуги на крышу (рейлинги),Roof arches (rails)
Жалюзи,Blinds
Заглушка,Plug
Заглушка (решетка) в бампер,Plug (grille) in the bumper
Заглушка (решетка) в бампер задний,Plug (grille) in the rear bumper
Заглушка (решетка) в бампер передний,Plug (grille) in the front bumper
Заглушка для глушителя (сайленсер),Silencer plug (silencer)
Заглушка зеркала левого,Left mirror plug
Заглушка зеркала правого,Right mirror plug
Заглушка порога,Threshold plug
Задняя накладка центрального тоннеля,Rear lining of the central tunnel
Задняя панель кузова,Rear body panel
Задняя часть кузова (тазик),Rear part of the body (basin)
Замок багажника,Trunk lock
Замок бардачка,Glove compartment lock
Замок двери,Door lock
Замок двери задней левой,Rear left door lock
Замок двери задней правой,Rear right door lock
Замок двери передней левой,Front left door lock
Замок двери передней правой,Front right door lock
Замок двери сдвижной,Sliding door lock
Замок зажигания,Ignition lock
Замок кабины,Cab lock
Замок капота,Hood lock
Замок крыши,Roof lock
Замок лючка топливного бака,Fuel tank hatch lock
Замок ремня безопасности,Seat belt lock
Замок рулевой колонки,Steering column lock
Замок спинки сиденья,Seat back lock
Замок стекла двери багажника,Trunk door glass lock
Зарядное устройство (кабель зарядный),Charger (charging cable)
Заслонка горного тормоза,Mountain brake flap
Заслонка дроссельная,Throttle valve
Заслонка печки/климат-контроля,Oven flap/climate control
"Защита (кожух, крышка) ремня генератора","Protection (casing, cover) of the generator belt"
Защита (кожух) ремня ГРМ,Timing belt protection (casing)
Защита (экран) выпускного коллектора,Exhaust manifold protection (screen)
Защита арок (подкрылок),Protection of arches (underwing)
Защита арок задняя левая (подкрылок),Protection of arches rear left (underwing)
Защита арок задняя правая (подкрылок),Protection of arches rear right (underwing)
Защита арок передняя левая (подкрылок),Protection of arches front left (underwing)
Защита арок передняя правая (подкрылок),Protection of arches front right (underwing)
Защита бампера заднего,Rear bumper protection
Защита бампера переднего,Front bumper protection
Защита бамперов (комплект),Bumper protection (kit)
Защита двигателя,Engine protection
Защита днища,Bottom protection
Защита КПП,Checkpoint protection
Защита при переворачивании,Overturning protection
Защита радиатора,Radiator protection
Защита раздаточной коробки,Transfer case protection
Защита рулевой рейки,Steering rack protection
Защита топливного бака,Fuel tank protection
Защита топливного насоса,Fuel pump protection
Защитная дуга,Protective arc
Звезда ведомая (задняя),Star driven (rear)
Звезда ведущая (передняя),Star driving (front)
Звездочка балансирного вала,Sprocket of the balancing shaft
Звездочка вакуумного насоса,Vacuum pump sprocket
Звездочка коленвала,Crankshaft sprocket
Звездочка распредвала,Camshaft sprocket
Звездочка ТНВД,Fuel pump asterisk
Зеркало бордюрное,Curb mirror
Зеркало наружное левое,External left mirror
Зеркало наружное правое,Outer right mirror
Зеркало салона,Interior mirror
Знак аварийной остановки,Emergency stop sign
Изолятор моторного отсека левый,Engine compartment insulator left
Изолятор моторного отсека правый,Engine compartment insulator right
Иммобилайзер,Immobilizer
Инвертор,Inverter
Индикатор АКПП,Automatic transmission indicator
Интардер,Intarder
Интеркулер,Intercooler
Ионизатор воздуха,Air Ionizer
Испаритель кондиционера,Air conditioner evaporator
Исполнительный узел DISA,DISA Executive Node
Кабина,Cabin
Камера BLIS,BLIS Camera
Камера KAFAS,KAFAS Camera
Камера бокового вида,Side view camera
Камера заднего вида,Rear view camera
Камера ночного видения,Night Vision Camera
Камера переднего вида,Front view camera
Камера тормозная,Brake chamber
Камеры кругового обзора (комплект),All-round view cameras (set)
Капот,Bonnet
Карбюратор,Carburetor
Карданный вал,Driveshaft
Карданный вал передний,Front driveshaft
Каретка двери сдвижной,Sliding door carriage
Каркас сиденья,Seat frame
Картер,Carter
Картер маховика,Flywheel crankcase
Картридж турбины,Turbine Cartridge
Кассета радиаторов,Radiator cassette
Катализатор,The catalyst
Катафот,Catafot
Катушка зажигания,Ignition coil
Кенгурятник,Kangaroo House
Клапан EGR,EGR Valve
Клапан вентиляции картерных газов,Crankcase gas ventilation valve
Клапан вентиляции топливного бака,Fuel tank ventilation valve
Клапан воздушный,Air valve
Клапан впускного коллектора,Intake Manifold valve
Клапан впускной,Intake valve
Клапан выпускной,Exhaust valve
Клапан горного тормоза,Mountain brake valve
Клапан запорный,Shut-off valve
Клапан защитный 4-х контурный,Protective valve 4-contour
Клапан ограничения давления,Pressure limiting valve
Клапан остаточного давления пневмоподвески,Air suspension residual pressure valve
Клапан отсечки топлива,Fuel cut-off valve
Клапан охлаждения поршней,Piston cooling valve
Клапан перепускной,Bypass valve
Клапан продувки катализатора,Catalyst Purge valve
Клапан редукционный,Pressure reducing valve
Клапан ТНВД,Injection pump valve
Клапан ТРВ (расширительный) кондиционера,Valve TRV (expansion) of the air conditioner
Клапан управления турбиной (актуатор),Turbine control valve (actuator)
Клапан ускорительный,Accelerator valve
Клапан холостого хода,Idling valve
Клапан электромагнитный,Electromagnetic valve
Клапанная крышка,Valve cover
Клемма аккумулятора минус,Battery terminal minus
Клемма аккумулятора плюс,Battery terminal plus
Клеммник,Terminal block
Клипса,Clip
Клык бампера задний левый,Rear left bumper fang
Клык бампера задний правый,Rear right bumper fang
Клык бампера передний левый,Front left bumper fang
Клык бампера передний правый,Front right bumper fang
Ключ,Key
Ключ колесный (балонный),Wheel key (balloon)
Ключ-карта,Key Card
Кнопка (выключатель),Button (switch)
Кнопка аварийной сигнализации,Alarm button
Кнопка антипробуксовочной системы,Anti-slip system button
Кнопка запуска двигателя,Engine start button
Кнопка кондиционера,Air conditioner button
Кнопка корректора фар,Headlight corrector button
Кнопка обогрева заднего стекла,Rear window heating button
Кнопка обогрева зеркал,Mirror heating button
Кнопка обогрева лобового стекла,Windshield heating button
Кнопка обогрева руля,Steering wheel heating button
Кнопка обогрева сидений,Seat heating button
Кнопка омывателя фар,Headlight washer button
Кнопка освещения панели приборов,Instrument panel lighting button
Кнопка открывания крюка фаркопа,Towbar hook opening button
Кнопка открывания люка,Hatch opening button
Кнопка открытия багажника,Trunk opening button
Кнопка открытия дверей (бесключевой доступ),Door opening button (keyless access)
Кнопка открытия капота,Hood opening button
Кнопка открытия лючка топливного бака,Fuel tank hatch opening button
Кнопка открытия стекла багажника,Trunk window opening button
Кнопка парктроника,Parking sensors button
Кнопка переключения режимов подвески,Suspension mode switch button
Кнопка поднятия крыши,Roof lift button
Кнопка противотуманных фар,Fog light button
Кнопка регулировки сидения,Seat adjustment button
Кнопка ручного тормоза (ручника),Handbrake button (handbrake)
Кнопка стеклоподъемника,Window lifter button
Кнопка стеклоподъемника заднего левого,Rear left window lifter button
Кнопка стеклоподъемника заднего правого,Rear right window lifter button
Кнопка стеклоподъемника переднего левого,Front left window lifter button
Кнопка стеклоподъемника переднего правого,Front right window lifter button
Кнопка управления бортовым компьютером,On-board computer control button
Кнопка центрального замка,Central locking button
Кнопки руля,Steering wheel buttons
Ковер багажника,Trunk Carpet
Ковер салонный,Salon carpet
Коврики в салон,Floor mats in the salon
Кожух (защита) рулевого механизма,Steering gear cover (protection)
Кожух аккумулятора,Battery cover
Кожух защитный проводки,Protective wiring cover
Кожух защитный тормозного диска,Protective cover of the brake disc
Кожух интеркулера,Intercooler casing
Кожух компрессора пневмоподвески,Air suspension compressor casing
Кожух панели приборов,Instrument panel cover
Кожух рулевой колонки,Steering column cover
Кожух турбины,Turbine casing
Козырек солнцезащитный,Sun visor
Колба в бак,Flask in the tank
Коленвал,Crankshaft
Колесо запасное (таблетка),Spare wheel (tablet)
Коллектор впускной,Intake manifold
Коллектор выпускной,Exhaust manifold
Колодки стояночного тормоза,Parking brake pads
Колпак колесный,Wheel hubcap
Колпачки маслосъемные,Oil-removing caps
Колпачок (заглушка) ручки двери,Door handle cap (plug)
Колпачок литого диска,Cast Disc Cap
Кольцо ABS,ABS Ring
Кольцо зажимное топливозаборника,Fuel intake clamping ring
Кольцо уплотнительное,Sealing ring
Кольцо уплотнительное датчика парктроника,Sealing ring of the parking sensor
Кольцо уплотнительное фары,Headlight sealing ring
Коммутатор зажигания,Ignition switch
Комплект KAFAS,KAFAS Kit
Комплект ГРМ,Timing kit
Комплект задних стекол,Set of rear windows
Комплект проекции на лобовое стекло,Windshield projection Kit
Комплект системы Комфортный доступ,Comfort Access System Kit
Комплект сцепления,Clutch Kit
Комплект тормозов (диски и суппорта),Set of brakes (discs and calipers)
Компрессор для шин штатный,The compressor for tires is standard
Компрессор кондиционера,Air conditioner compressor
Компрессор пневмоподвески,Air suspension compressor
Компрессор подкачки сидений,Seat booster compressor
Компрессор центрального замка,Central locking compressor
Компьютер бортовой,On-board computer
Конденсатор,Capacitor
Консоль салона (кулисная часть),Interior console (backstage part)
Контактная группа,Contact Group
Контактор высоковольтной батареи,High voltage battery contactor
Корзина сцепления,Clutch Basket
Короб предохранителей,Fuse box
Коробка отбора мощности,Power take-off box
Коромысло клапана (рокер),Valve rocker arm (rocker)
Корпус блока управления двигателем,Engine control unit housing
Корпус воздушного фильтра,Air filter housing
Корпус высоковольтной батареи,High-voltage battery housing
Корпус зеркала наружного левого,Exterior left mirror housing
Корпус зеркала наружного правого,Exterior right mirror housing
Корпус КПП (колокол),The body of the checkpoint (bell)
Корпус масляного фильтра,Oil filter housing
Корпус отопителя (печки),Heater housing (stoves)
Корпус помпы,Pump housing
Корпус салонного фильтра,Cabin filter housing
Корпус сальника,Oil seal housing
Корпус сцепления,Clutch housing
Корпус сцепления АКПП,Automatic transmission clutch housing
Корпус термостата,Thermostat housing
Корпус ТНВД,Fuel pump housing
Корпус топливного фильтра,Fuel filter housing
Корпус турбины,Turbine housing
Корпус фильтра охлаждающей жидкости,Coolant filter housing
Корректор гидравлической подвески,Hydraulic suspension corrector
Корректор фар,Headlight Corrector
Корыто пластиковое,Plastic trough
КПП автоматическая (АКПП),Automatic transmission (automatic transmission)
КПП механическая (МКПП),Manual transmission (manual transmission)
КПП механическая (МКПП) 4-ступенчатая,Manual transmission (manual transmission) 4-speed
КПП механическая (МКПП) 5-ступенчатая,Manual transmission (manual transmission) 5-speed
КПП механическая (МКПП) 6-ступенчатая,Manual transmission (manual transmission) 6-speed
КПП роботизированная,Robotic checkpoint
Кран ABS,ABS Faucet
Кран главный тормозной,Main brake crane
Кран масловлагоотделителя (разгрузка),Oil separator crane (unloading)
Кран модулятор EBS,Crane modulator EBS
Кран отопителя (печки),Heater tap (stove)
Кран пневматический,Pneumatic crane
Кран понижения давления,Pressure reducing valve
Кран распределительный,Distribution crane
Кран ручного тормоза,Hand brake tap
Кран тормозной прицепа,Trailer brake crane
Кран уровня подвески,Suspension Level Crane
Кран уровня подвески кабины,Cab Suspension level crane
Кренометр,Krenometer
Крепление (крючок) солнцезащитного козырька,Fastening (hook) of the sun visor
Крепление автономного отопителя,Mounting of the autonomous heater
Крепление блока ABS,Mounting of the ABS unit
Крепление блока предохранителей,Mounting the fuse box
Крепление втулки стабилизатора,Stabilizer bushing mounting
Крепление запаски,Fixing the spare wheel
Крепление зеркала наружного левого,Mounting of the external left mirror
Крепление зеркала наружного правого,Mounting of the outer right mirror
Крепление интеркулера,Intercooler mounting
Крепление кассеты радиаторов,Mounting of the radiator cassette
Крепление ковриков салона,Fastening of interior mats
Крепление лючка топливного бака,Mounting of the fuel tank hatch
Крепление сиденья,Seat mounting
Крепление ТНВД,Fuel pump mounting
Крепление топливного бака,Fuel tank mounting
Крепление фары левой,Mounting the left headlight
Крепление фары правой,Mounting the right headlight
Крестовина карданного вала,Cardan shaft crosspiece
Кронштейн,Bracket
Кронштейн блока клапанов гидроподвески,Hydraulic suspension valve block bracket
Кронштейн блока управления двигателем,Engine control unit bracket
Кронштейн вискомуфты,Viskomufta bracket
Кронштейн воздушного фильтра,Air Filter bracket
Кронштейн впускного коллектора,Intake manifold bracket
Кронштейн выпускного коллектора,Exhaust manifold bracket
Кронштейн генератора,Generator bracket
Кронштейн гидроусилителя,Power steering bracket
Кронштейн глушителя,Silencer bracket
Кронштейн датчика положения кузова,Body position sensor bracket
Кронштейн двигателя,Engine bracket
Кронштейн зеркала кабины,Cab mirror bracket
Кронштейн компрессора кондиционера,Air conditioner compressor bracket
Кронштейн компрессора пневмоподвески,Air suspension compressor bracket
Кронштейн КПП,Gearbox bracket
Кронштейн крепления амортизатора,Shock absorber mounting bracket
Кронштейн крепления балки подвески,Suspension beam mounting bracket
Кронштейн крепления бампера,Bumper mounting bracket
Кронштейн крепления бампера заднего,Rear bumper mounting bracket
Кронштейн крепления бампера переднего,Front bumper mounting bracket
Кронштейн крепления дверной карты,Door Card Mounting bracket
Кронштейн крепления заднего моста,Rear axle mounting bracket
Кронштейн крепления кабины,Cab mounting bracket
Кронштейн крепления крыла,Wing mounting bracket
Кронштейн крепления крыла переднего левого,Front Left wing mounting bracket
Кронштейн крепления крыла переднего правого,Front right wing mounting bracket
Кронштейн крепления пневмоподушки,Airbag mounting bracket
Кронштейн крепления порога,Threshold mounting bracket
Кронштейн крепления рычага задней подвески,Rear Suspension arm Mounting bracket
Кронштейн крепления рычага передней подвески,Front suspension arm mounting bracket
Кронштейн крепления торсиона,Torsion bar mounting bracket
Кронштейн крепления торсиона кабины,Cab torsion bar mounting bracket
Кронштейн крепления троса КПП,Transmission cable mounting bracket
Кронштейн масляного фильтра,Oil Filter bracket
Кронштейн подножки,Footrest bracket
Кронштейн подрамника,Subframe bracket
Кронштейн подрулевых переключателей,Steering wheel switch bracket
Кронштейн полки багажника,Trunk shelf bracket
Кронштейн полуоси,Half-axle bracket
Кронштейн полурессоры,Bracket semi-springs
Кронштейн порога,Threshold bracket
Кронштейн радиатора,Radiator bracket
Кронштейн рамы,Frame bracket
Кронштейн редуктора,Gearbox bracket
Кронштейн рейлинга,Railing bracket
Кронштейн рессоры,Spring bracket
Кронштейн решетки радиатора,Radiator grille bracket
Кронштейн салона,Interior bracket
Кронштейн стабилизатора,Stabilizer bracket
Кронштейн топливного фильтра,Fuel filter bracket
Кронштейн форсунки омывателя фары,Headlight washer nozzle bracket
Крыло заднее левое,Rear left wing
Крыло заднее правое,Rear right wing
Крыло переднее левое,Front left wing
Крыло переднее правое,Front right wing
Крыльчатка вентилятора (лопасти),Fan impeller (blades)
Крыльчатка вискомуфты,Viskomufta impeller
Крыша,Roof
Крышка (заглушка) задняя фары левой,Cover (plug) of the rear left headlight
Крышка (заглушка) задняя фары правой,Right rear headlight cover (plug)
Крышка (заглушка) рейлинга,Railing cover (plug)
Крышка (пробка) бака AdBlue,AdBlue tank Cap (plug)
Крышка (пробка) радиатора,Radiator cap (plug)
Крышка аккумулятора,Battery cover
Крышка багажника (дверь 3-5),Trunk lid (door 3-5)
Крышка бачка гидроусилителя,Power steering tank cover
Крышка бачка омывателя,Washer tank cover
Крышка бачка тормозной жидкости,Brake fluid tank cover
Крышка блока предохранителей,Fuse box cover
Крышка воздуховода двигателя,Engine duct cover
Крышка высоковольтной батареи,High voltage battery cover
Крышка двигателя задняя,Engine cover rear
Крышка двигателя передняя,Engine cover front
Крышка инструментального ящика,Tool box cover
Крышка коленвала,Crankshaft cover
Крышка корпуса салонного фильтра,Cabin filter housing cover
Крышка КПП,Gearbox cover
Крышка кузова,Body cover
Крышка масляного стакана,Oil cup lid
Крышка омывателя фар,Headlight washer cover
Крышка поводка стеклоочистителя,Wiper Leash Cover
Крышка подушки безопасности водителя,Driver's airbag cover
Крышка подушки безопасности пассажира,Passenger airbag cover
Крышка распредвала,Camshaft cover
Крышка распределителя зажигания,Ignition distributor cap
Крышка редуктора заднего моста,Rear axle gearbox cover
Крышка теплообменника,Heat exchanger cover
Крышка топливного бака,Fuel tank cap
Крюк буксировочный,Tow hook
Крюк капота,Hood hook
Крюк фаркопа съемный,Towbar hook removable
Крючок для одежды,Clothes Hook
Кулак задний левый,Fist rear left
Кулак задний правый,Rear right fist
Кулак поворотный левый,Rotary left fist
Кулак поворотный правый,Right rotary fist
Кулачковая шайба ТНВД,Fuel pump cam washer
Кулиса,Backstage
Кунг (будка),Kung (booth)
Лампа контрольная щитка приборов (приборной панели),Instrument panel control lamp (dashboard)
Лампочка,Light bulb
Лапка сцепления,Clutch foot
Лебедка,Winch
Лента тормозная АКПП,Automatic transmission brake tape
Лепестки подрулевые переключения передач,Rudder shift paddles
Лестница на крышку багажника,Ladder to the trunk lid
Лестница спальника,Sleeping Bag Ladder
Линза фары,Headlight lens
Личинка дверного замка,The larva of the door lock
Личинка замка багажника,Trunk lock larva
Личинка замка зажигания,The larva of the ignition lock
Лонжерон левый,Left spar
Лонжерон правый,Right spar
Люк,The hatch
Лючок порта зарядки,Charging port hatch
Лючок топливного бака,Fuel tank hatch
Лямбда-зонд,Lambda probe
Магнитола,Radio tape recorder
Маслозаборник,Oil intake
Маслозаливная горловина,Oil filler neck
Маслоотделитель (сапун),Oil separator (breather)
Маслоохладитель вариатора,Variator oil cooler
Маслоприемник,Oil receiver
Масляная магистраль,Oil line
Масляная трубка распредвала,Camshaft Oil tube
Масляная трубка турбины,Turbine Oil tube
Масляная форсунка,Oil nozzle
Матрас спальника,Sleeping bag mattress
Маховик,Flywheel
Маховик АКПП (драйв плата),Automatic transmission flywheel (drive board)
Маятник задней балки,Rear beam pendulum
Межсетевой преобразователь KGM,KGM Inter-network converter
Мембрана клапанной крышки,Valve cover diaphragm
Механизм (прочие),Mechanism (other)
Механизм заднего стеклоочистителя,Rear wiper mechanism
Механизм изменения длины впускного коллектора,Mechanism for changing the length of the intake manifold
"Механизм натяжения ремня, цепи","Belt tension mechanism, chain"
Механизм переключения передач,Gearshift mechanism
Механизм подачи ремня безопасности,Seat belt feed mechanism
Механизм подъема запаски,Spare wheel lifting mechanism
Механизм подъема крышки (двери) багажника,Mechanism for lifting the trunk lid (door)
Механизм развода задних тормозных колодок левый,Rear brake pads separation mechanism left
Механизм развода задних тормозных колодок правый,The mechanism of separation of the rear brake pads is right
Механизм регулировки высоты ремня безопасности,Seat belt height adjustment mechanism
Механизм ручника (стояночного тормоза),Handbrake mechanism (parking brake)
Механизм сдвижной двери,Sliding door mechanism
Механизм складывания крыши,Roof folding mechanism
Механизм стеклоочистителя (трапеция дворников),Wiper mechanism (trapezoid wipers)
Механизм электрорегулировки зеркала наружного левого,The mechanism of electric adjustment of the external left mirror
Механизм электрорегулировки зеркала наружного правого,The mechanism of electric adjustment of the mirror of the outer right
Мехатроник,Mechatronics
Микрофон,Microphone
Минусовой провод аккумулятора,Negative battery wire
Модем,Modem
Модуль громкой связи,Hands-free communication module
Модуль зарядки аккумулятора (АКБ),Battery Charging Module (Battery)
Модуль светодиодной подсветки,LED backlight module
Молдинг (накладка кузовная),Molding (body trim)
Молдинг бампера заднего,Rear bumper molding
Молдинг бампера переднего,Front bumper molding
Молдинг дверей (комплект),Door molding (set)
Молдинг двери задней левой,Door molding rear left
Молдинг двери задней правой,Door molding rear right
Молдинг двери передней левой,Front left
Молдинг двери передней правой,door molding Front right door molding
Молдинг кабины,Cabin molding
Молдинг капота,Hood molding
Молдинг крыла,Wing molding
Молдинг крыла заднего левого,Molding of the rear left wing
Молдинг крыла заднего правого,Molding of the rear right wing
Молдинг крыла переднего левого,Molding of the front left wing
Молдинг крыла переднего правого,Molding of the front right wing
Молдинг крыши,Roof molding
Молдинг решетки радиатора,Radiator grille molding
Молдинг стекла двери задней левой внутренний,Glass molding of the door rear left inner
Молдинг стекла двери задней левой наружный,glass molding of the door rear left outer
Молдинг стекла двери задней правой внутренний,glass molding of the door rear right inner
Молдинг стекла двери задней правой наружный,glass molding of the door rear right outer
Молдинг стекла двери наружный,glass molding of the door outer
Молдинг стекла двери передней левой внутренний,glass molding of the door front left inner
Молдинг стекла двери передней левой наружный,glass molding of the door front left outer
Молдинг стекла двери передней правой внутренний,glass molding of the door front right inner
Молдинг стекла двери передней правой наружный,glass molding of the door front right outer
Молдинг стекла заднего,glass molding of the rear
Молдинг стекла лобового,Molding of the windshield glass
Монитор,Screen
Моновпрыск,Monovprysk
Морда-рама,Muzzle-frame
Мост задний,Rear axle
Мост передний,Front axle
Мото багажник,Moto trunk
Мото брызговик задний,Moto rear mudguard
Мото ветровое стекло,Moto windscreen
Мото вилка передняя,Moto fork front
Мото кардан,Moto Gimbal
Мото клипон левый,Moto clipon left
Мото клипон правый,Moto clipon right
Мото колесо заднее,Motorcycle wheel rear
Мото колесо переднее,Moto front wheel
Мото кофр задний левый,Motorcycle trunk rear left
Мото кофр задний правый,Motorcycle trunk rear right
Мото кофр задний центральный,Motorcycle trunk rear central
Мото кран топливный,Motorcycle fuel crane
Мото крыло заднее,Motorcycle rear wing
Мото крыло переднее,Moto front wing
Мото машинка сцепления,Moto Clutch machine
Мото машинка тормоза заднего,Moto car Rear brake
Мото машинка тормоза переднего,Moto car Front brake
Мото паук (крепление пластика и фары),Moto spider (plastic mount and headlights)
Мото переключатель (пульт) руля левый,Moto steering wheel switch (remote control) left
Мото пластик,Moto plastic
Мото подножка боковая,Moto side footrest
Мото подножка центральная,Moto central footrest
Мото пружина подножки боковой,Moto spring of the side footrest
Мото рама,Moto frame
Мото редуктор,Moto gearbox
Мото ремень приводной,Moto belt drive
Мото ротор генератора,Moto generator rotor
Мото ручки руля (грипсы),Moto steering wheel handles (grips)
Мото рычаг заднего тормоза,Moto Rear Brake Lever
Мото рычаг переднего тормоза,Moto Front brake lever
Мото рычаг сцепления,Moto Clutch Lever
Мото сиденье,Moto seat
Мото спинка пассажирского сиденья,Moto passenger seat back
Мото статор генератора,Moto Generator stator
Мото стойка заднего крыла,Moto Rear Wing Strut
Мото суппорт,Moto caliper
Мото указатель поворота,Moto turn signal
Мото фара,Moto headlight
Мото фонарь,Moto lantern
Мото цепь,Moto Chain
Моторчик (насос) подъема крышки багажника (3-5 двери),Trunk lid lift motor (pump) (3-5 doors)
Моторчик ASC,ASC motor
Моторчик Easytronic,Easytronic motor
Моторчик VVT (эксцентрикового вала),VVT (Eccentric shaft) motor
Моторчик блокировки заднего моста,Rear axle lock motor
Моторчик блокировки межосевого дифференциала,The motor for locking the center differential
Моторчик блокировки переднего моста,Front axle locking motor
Моторчик вентиляции сиденья переднего,Front seat ventilation motor
Моторчик заднего стеклоочистителя (дворника),Rear wiper motor (wiper)
Моторчик замка двери,Door lock motor
Моторчик заслонки печки,The motor of the oven flap
Моторчик открывания кузовного стекла,The motor for opening the body glass
Моторчик передних стеклоочистителей (дворников),The motor of the front wipers (wipers)
Моторчик печки,Stove motor
Моторчик регулировки сиденья,Seat adjustment motor
Моторчик ручника (стояночного тормоза),Handbrake motor (parking brake)
Моторчик стеклоочистителя фар,Headlight wiper motor
Моторчик стеклоподъемника,Window lifter motor
Моторчик стеклоподъемника задний левый,Window lifter motor rear left
Моторчик стеклоподъемника задний правый,Window lifter motor rear right
Моторчик стеклоподъемника передний левый,Window lifter motor front left
Моторчик стеклоподъемника передний правый,Window lifter motor front right
Мультипликатор (клапан) форсунки,Multiplier (valve) of the nozzle
Муфта Haldex,Haldex Coupling
Муфта вентилятора,Fan coupling
Муфта включения переднего моста (хаб),Front axle coupling (hub)
Муфта включения полного привода,All-wheel drive clutch
Муфта кардана,Cardan coupling
Муфта компрессора кондиционера,Air conditioner compressor coupling
Муфта обгонная АКПП,Automatic transmission overrunning clutch
Муфта обгонная генератора,Generator overrunning clutch
Муфта распредвала,Camshaft coupling
Набор инструментов штатный,The set of tools is standard
Нагнетатель воздуха (компрессор),Air blower (compressor)
Накладка (ресничка) левой фары,The cover plate (cilia) of the left headlight
Накладка (ресничка) правой фары,Patch (eyelash) of the right headlight
Накладка (удлинитель) двери левой,Cover plate (extension) of the left door
Накладка (удлинитель) двери правой,Cover plate (extension) of the right door
Накладка боковая на сиденье,Side trim on the seat
Накладка внутренняя на заднюю панель кузова,Inner lining on the rear panel of the body
Накладка двери (крышки) багажника,Trunk door (lid) trim
Накладка двери задней левой,Rear left door trim
Накладка двери задней правой,Rear right door trim
Накладка двери передней левой,Front left door trim
Накладка двери передней правой,Front right door trim
Накладка декоративная,Decorative overlay
Накладка декоративная на торпедо,Decorative trim on the torpedo
Накладка декоративная салона (комплект),Decorative interior trim (set)
Накладка декоративная центральной консоли,Decorative trim of the center console
Накладка замка капота,Hood lock trim
Накладка крыла (уголок зеркала) переднего левого,Fender trim (mirror corner) front left
Накладка крыла (уголок зеркала) переднего правого,Wing cover (corner of the mirror) of the front right
Накладка на бампер,Bumper trim
Накладка на зеркало,Mirror overlay
Накладка на зеркало левое,The overlay on the left mirror
Накладка на зеркало правое,Overlay on the right mirror
Накладка на педаль,Pedal pad
Накладка на порог,Door sill trim
Накладка на ручку двери,Door handle trim
Накладка под номер,Pad under the number
Накладка под фонарь левый,The cover plate under the lamp is left
Накладка под фонарь правый,The cover plate under the right lamp
Накладка подсветки номера,Number illumination overlay
Накладки (реснички) фар (комплект),Headlight pads (cilia) (set)
Наклейка,Sticker
Наконечник рулевой,Steering tip
Наконечник свечной,Candle Tip
Направляющая задней распашной двери,Rear swing door guide
Направляющая крышки багажника,Trunk lid guide
Направляющая сдвижной двери,Sliding door guide
Направляющая стекла,Glass guide
Направляющая трубка для троса ручника (стояночного тормоза),Guide tube for handbrake cable (parking brake)
Направляющая шторки багажника (салазки),Trunk curtain guide (sled)
Насадка на глушитель,Muffler nozzle
Насос (модуль) AdBlue,AdBlue Pump (module)
Насос (моторчик) омывателя стекла,Glass washer pump (motor)
Насос (моторчик) омывателя стекла заднего,Rear window washer pump (motor)
Насос (моторчик) омывателя фар,Headlight washer pump (motor)
Насос DSC,DSC pump
Насос Haldex,Haldex Pump
Насос АКПП,Automatic transmission pump
Насос активного стабилизатора,Active Stabilizer pump
Насос антифриза дополнительный,Antifreeze pump optional
Насос вакуумный,Vacuum pump
Насос воздушный,Air pump
Насос гидравлический (отбора мощности),Hydraulic pump (power take-off)
Насос гидравлический подъема крыши,Hydraulic Roof Lift pump
Насос гидроподвески,Hydraulic suspension pump
Насос гидроусилителя руля,Power steering pump
Насос масляный,Oil pump
Насос обдува форсунок,Nozzle blowing pump
Насос подъёма кабины,Cab lift pump
Насос продувки катализатора,Catalyst Purge Pump
Насос тандемный,Tandem pump
Насос топливный,Fuel pump
Насос топливный автономного отопителя,Fuel pump of the autonomous heater
Насос топливный ручной (подкачка),Manual fuel pump (pumping)
Насос топливоподкачивающий ТНВД,Fuel pump fuel injection pump
Насос центральной смазки,Central lubrication pump
Насосная станция гидроборта,Hydraulic transport pumping station
"Насосная станция, PLD-секция","Pumping station, PLD section"
Натяжитель,Tensioner
Натяжитель ремня генератора,Generator Belt Tensioner
Натяжитель ремня ГРМ,Timing belt tensioner
Натяжитель цепи,Chain Tensioner
Наушники,Headphones
Ниша запасного колеса,Spare wheel niche
Обвес (комплект),Body kit (set)
Обогреватель высоковольтной батареи,High-voltage battery heater
Обшивка багажника,Trunk trim
Обшивка багажника переднего,Front trunk trim
Обшивка дверей (комплект),Door trim (set)
Обшивка двери задней левой (дверная карта),Rear left door trim (door card)
Обшивка двери задней правой (дверная карта),Right rear door trim (door card)
Обшивка двери передней левой (дверная карта),Front left door trim (door card)
Обшивка двери передней правой (дверная карта),Front right door trim (door card)
Обшивка крышки багажника,Trunk lid trim
Обшивка салона,Interior trim
Обшивка сидений,Seat trim
Обшивка стойки,Rack trim
Обшивка стойки задней левой,Rear left rack trim
Обшивка стойки задней правой,Rear right rack trim
Обшивка стойки передней левой,Front left rack trim
Обшивка стойки передней правой,Front right rack trim
Обшивка стойки центральной левой,Lining of the central left rack
Обшивка стойки центральной правой,Covering of the central right rack
Ограничитель открывания двери,Door opening limiter
Ограничитель открывания двери задней,Rear door opening limiter
Ограничитель открывания двери передней,Limiter for opening the front door
Омыватель левой фары,Left headlight washer
Омыватель правой фары,Right headlight washer
Опора амортизатора верхняя (чашка),Shock absorber upper support (cup)
Опора амортизатора нижняя (чашка),Shock absorber lower support (cup)
Опора под домкрат (поддомкратная подушка),Support for the jack (jack cushion)
Опора радиатора,Radiator support
Опорная площадка для ноги,Foot support platform
Осушитель,Dehumidifier
Ось колеса,Wheel axle
Ось коромысел,Rocker arm axis
Отбойник амортизатора,Shock absorber bump
Отбойник бампера заднего,Rear bumper bump
Отбойник бампера переднего,Front bumper bump
Отбойник капота (демпфер),Hood bump (damper)
Отбойник подвески,Suspension bump
Ответная часть (скоба) замка двери,The mating part (bracket) of the door lock
Ответная часть замка багажника,The second part of the trunk lock
Отопитель в сборе (печка),Heater assembly (stove)
Отопитель гибридного модуля,Hybrid module heater
Отражатель фары,Headlight reflector
Охладитель отработанных газов,Exhaust Gas cooler
Охладитель тягового аккумулятора,Traction Battery Cooler
Очечник,Eyeglass case
Очко фары левой,Left headlight point
Очко фары правой,Right headlight point
Панель (плата) фонаря заднего левого,Panel (board) of the rear left lamp
Панель (плата) фонаря заднего правого,Panel (board) of the rear right lamp
Панель кодового замка,Combination lock panel
Панель передняя салона (торпедо),Front passenger compartment panel (torpedo)
Панель управления магнитолой,Radio control panel
Парктроник задний,Rear parking sensor
Парктроник передний,Front parking sensor
Патрон лампы фары,Lamp holder headlights
Патрон лампы фонаря,Lamp holder of the lantern
"Патрубок (трубопровод, шланг)","Branch pipe (pipeline, hose)"
Патрубок автономного отопителя,Branch pipe of an autonomous heater
Патрубок вентиляции картера,Crankcase ventilation pipe
Патрубок воздушного фильтра,Air filter nozzle
Патрубок впускного коллектора,Intake manifold pipe
Патрубок интеркулера,Intercooler pipe
Патрубок отопителя (печки),Pipe of the heater (stove)
Патрубок радиатора,Radiator nozzle
Патрубок расширительного бачка,Expansion tank nozzle
Патрубок турбины,Turbine nozzle
Педаль,Pedal
Педаль газа,Gas pedal
Педаль стояночного тормоза,Parking brake pedal
Педаль сцепления,Clutch pedal
Педаль тормоза,Brake pedal
Пепельница,Ashtray
Перегородка грузового (пассажирского) отсека,Cargo (passenger) compartment partition
Перегородка моторного отсека,Engine compartment partition
Передняя панель крепления облицовки (телевизор),The front panel of the lining mounting (TV)
Передняя часть (ноускат) в сборе,Front part (noskat) assembly
Передняя часть кузова,The front part of the body
Переключатель дворников,Wiper switch
Переключатель круиз-контроля,Cruise control switch
Переключатель отопителя (печки),Heater (stove) switch
Переключатель поворотов,Turn switch
Переключатель подрулевой (стрекоза),Steering wheel switch (dragonfly)
Переключатель подрулевой АКПП,Automatic steering gear switch
Переключатель подрулевой управления ретардером,Retarder steering wheel control switch
Переключатель полного привода,All-wheel drive switch
Переключатель света,Light switch
Перемычка рамы,Frame jumper
Переходник EGR,EGR Adapter
Переходник для зарядки,Charging adapter
Петля двери,Door hinge
Петля двери задней левой,Rear left door hinge
Петля двери задней правой,Rear right door hinge
Петля двери передней левой,Front left door hinge
Петля двери передней правой,Front right door hinge
Петля заднего стекла,Rear window hinge
Петля капота,Hood loop
Петля капота левая,Hood loop left
Петля капота правая,Hood loop right
Петля крышки багажника,Trunk lid hinge
Петля спального места,Sleeping place loop
Пиропатрон,Pyropatron
Пиропатрон петли капота,Hood loop Pyropatron
Планка кассеты радиаторов нижняя,Radiator cassette lower bar
Планка крепления аккумулятора,Battery mounting bracket
Планка под капот,Plank under the hood
Пластик,Plastic
Пластик багажника,Plastic trunk
Пластик моторного отсека,Plastic of the engine compartment
Пластик салазок сиденья,Plastic sled seats
Пластик салона,Plastic interior
Платформа,Platform
Площадка регулировочная подвески,Suspension adjustment platform
Плунжерная пара,Plunger pair
Плюсовой провод аккумулятора,Positive battery wire
Пневмогидроусилитель сцепления,Pneumatic hydraulic clutch booster
Пневмоподушка,Air bag
Пневмоподушка подвески кабины,Cabin suspension airbag
Пневмостойка задняя,Rear air resistance
Пневмостойка передняя,Front air resistance
Поворотник левый,Left turn signal
Поворотник правый,Right turn signal
Повторитель в зеркало передний левый,Repeater in the mirror front left
Повторитель в зеркало передний правый,Repeater in the mirror front right
Повторитель передний левый,Repeater front left
Повторитель передний правый,Repeater front right
Подвесная ось (ленивец),Suspension axle (sloth)
Подголовник,Headrest
Поддон,Pallet
Поддон КПП,The pallet of the checkpoint
Подиум крепления датчика парктроника,Podium mounting sensor parking sensors
Подлокотник,Armrest
Подножка,Footrest
Подножка кабины левая (входной модуль),Cab footrest left (input module)
Подножка кабины правая (входной модуль),Cab footrest right (input module)
Подогрев бачка омывателя,Heating of the washer tank
Подогрев сиденья,Seat heating
Подогрев топливного фильтра,Fuel filter heating
Подогреватель Adblue,Adblue Heater
Подогреватель охлаждающей жидкости (антифриза),Coolant heater (antifreeze)
Подсветка номера,Room illumination
Подсветка порога,Threshold illumination
Подсветка салона,Interior lighting
Подстаканник,Cup holder
Подушка безопасности,Airbag
Подушка безопасности боковая (в дверь),Side airbag (in the door)
Подушка безопасности боковая (в дверь) задняя левая,Side airbag (in the door) rear left
Подушка безопасности боковая (в дверь) задняя правая,Side airbag (in the door) rear right
Подушка безопасности боковая (в дверь) передняя левая,Side airbag (in the door) front left
Подушка безопасности боковая (в дверь) передняя правая,Side airbag (in the door) front right
Подушка безопасности боковая (в сиденье),Side airbag (in the seat)
Подушка безопасности боковая (шторка),Side airbag (curtain)
Подушка безопасности боковая (шторка) левая,Side airbag (curtain) left
Подушка безопасности боковая (шторка) правая,Side airbag (curtain) right
Подушка безопасности водителя,Driver's airbag
Подушка безопасности коленная,Knee airbag
Подушка безопасности пассажира,Passenger airbag
Подушка кабины,Cabin cushion
Подушка крепления двигателя,Engine mounting cushion
Подушка крепления КПП,Gearbox mounting cushion
Подушка под моновпрыск,Pillow for monovprysk
Подушка рамы,Frame cushion
Подшипник,Bearing
Подшипник выжимной,Release bearing
Подшипник КПП,Gearbox bearing
Подшипник опорный,Bearing support
Подшипник полуоси подвесной,Suspension axle bearing
Подшипник рулевой рейки,Steering Rack Bearing
Подшипник ступицы,Hub Bearing
Подъемник шторки,Curtain Lift
Пол багажника,Trunk floor
Полка аккумулятора,Battery shelf
Полка багажника,Trunk shelf
Полка над лобовым стеклом,Shelf above the windshield
Полка под руль,Shelf under the steering wheel
Полка спальника,Sleeping bag shelf
"Полуось (приводной вал, ШРУС)","Semi-axle (drive shaft, SHRUS)"
"Полуось задняя (приводной вал, ШРУС)","Rear axle (drive shaft, SHRUS)"
"Полуось передняя левая (приводной вал, ШРУС)","Front left half-axle (drive shaft, SHRUS)"
"Полуось передняя правая (приводной вал, ШРУС)","Front right half-axle (drive shaft, SHRUS) of the half-spring"
Полурессора,Semi - aggressor
Полурессора задняя,Rear half - spring
Помпа,Pump
Порог левый,Threshold left
Порог правый,The threshold is right
Пороги (комплект),Thresholds (set)
Порт зарядный,Charging port
Поручень,Handrail
Поршень,The piston
Поршень опережения впрыска ТНВД,Fuel injection advance piston
Поршень суппорта,Caliper piston
Поршневые кольца,Piston rings
Постель коленвала,Crankshaft bed
Постель распредвала (бугель),Camshaft bed (bugle)
Потолок,Ceiling
Преднатяжитель ремня безопасности,Seat belt tensioner
Предохранитель высоковольтный,High-voltage fuse
Преобразователь давления (соленоид наддува/EGR),Pressure converter (boost solenoid/EGR)
Преобразователь напряжения,Voltage Converter
Привод вентилятора вискомуфты,Viscomuff fan drive
Привод заслонки дроссельной,Throttle valve drive
Привод круиз-контроля,Cruise control drive
Привод масляного насоса,Oil pump drive
Привод ТНВД,Fuel pump drive
Прикуриватель,Cigarette lighter
Прицепное устройство (фаркоп),Trailer hitch (towbar)
Пробка КПП,Checkpoint traffic jam
Пробка маслозаливная,Oil filling tube
Пробка расширительного бачка,Expansion tank plug
Пробка топливного бака,Fuel tank plug
Провод (кабель) камеры,Camera wire (cable)
Провод USB,USB Wire
Провод высоковольтный,High voltage wire
Провод датчика ABS,ABS sensor wire
Провод массы,Mass wire
Проводка,Wiring
Проводка (планка) свечей накала,Wiring (strip) of glow plugs
Проводка бампера заднего,Rear bumper wiring
Проводка бампера переднего,Front bumper wiring
Проводка двери,Door wiring
Проводка двигателя,Motor wiring
Проводка КПП,Checkpoint wiring
Проводка крышки багажника,Trunk lid wiring
Проводка салона,Interior wiring
Проводка фары,Headlight wiring
Проектор,Projector
Прокладка,Pad
Прокладка впускного коллектора,Intake manifold gasket
Прокладка выпускного коллектора,Exhaust manifold gasket
Прокладка ГБЦ,Cylinder head gasket
Прокладка глушителя,Muffler gasket
Прокладка катализатора,Catalyst gasket
Прокладка клапанной крышки,Valve cover gasket
Прокладка КПП (пластина),Gearbox gasket (plate)
Прокладка поддона АКПП,Automatic transmission pallet gasket
Проставки колесные,Wheel spacers
Проставки под балку подвески заднюю,Spacers for the rear suspension beam
Проставки под балку подвески переднюю (подрамник),Spacers for the front suspension beam (stretcher)
Проставки под пружины,Spacers for springs
Прочая запчасть,Other spare parts
Пружина задняя,Rear spring
Пружина крышки багажника,Trunk lid spring
Пружина передняя,Front spring
Пружина петли капота,Hood hinge spring
Пружина подвески кабины,Cab suspension spring
Пульт управления автономным отопителем,Autonomous heater control panel
Пульт управления гидроборта,Hydroboard control panel
Пульт управления лебедкой,Winch control panel
Пульт управления мультимедиа,Multimedia control panel
Пульт управления пневмоподвеской,Air suspension control panel
Пульт управления седельно-сцепным устройством,The control panel of the hitch
Пыльник,Anther
Пыльник амортизатора,Shock absorber dust cover
Пыльник двигателя,Engine dust cover
Пыльник крыла заднего левого,Rear left wing anther
Пыльник крыла заднего правого,Rear right wing anther
Пыльник крыла переднего левого,Anther of the front left wing
Пыльник крыла переднего правого,Anther of the front right wing
Пыльник рулевой рейки,Steering rack dust cover
Радар,Radar
Радиатор (дополнительный),Radiator (additional)
Радиатор (основной),Radiator (main)
Радиатор EGR,EGR radiator
Радиатор АКПП,Automatic transmission radiator
Радиатор гидроподвески,Hydraulic suspension radiator
Радиатор гидроусилителя,Power steering radiator
Радиатор инвертора,Inverter radiator
Радиатор кондиционера,Air conditioner radiator
Радиатор масляный,Oil radiator
Радиатор отопителя (печки),Radiator of the heater (stove)
Радиатор ретардера,Retarder radiator
Радиатор топлива,Fuel radiator
Радиостанция (рация),Radio station (walkie-talkie)
Раздаточная коробка,Transfer case
Разъем (фишка) проводки,Connector (chip) wiring
Разъем AUX / USB,AUX / USB connector
Рама,Frame
Рамка (накладка) рычага КПП,Frame (cover plate) of the gearbox lever
Рамка блока управления печки/климат-контроля,The frame of the stove control unit / climate control
Рамка двери задней левой,Rear left door frame
Рамка двери задней правой,Rear right door frame
Рамка двери передней левой,Front left door frame
Рамка двери передней правой,Front right door frame
Рамка зеркала наружного левого,Outer left mirror frame
Рамка зеркала наружного правого,Outer right mirror frame
Рамка капота,Hood frame
Рамка под магнитолу,Frame for the radio
Рамка решетки радиатора,Radiator grille frame
Рамка фары противотуманной левой,Fog lamp frame left
Рамка фары противотуманной правой,Right fog lamp frame
Распорка стоек,Strut struts
Распорная планка,Spacer bar
Распредвал,Camshaft
Распределитель впрыска (инжектор),Injection distributor (injector)
Распределитель зажигания (трамблёр),Ignition distributor (trambler)
Распределитель тока,Current distributor
Распределитель тормозной силы,Brake force distributor
Растяжка передка,Stretching the front
Расходомер воздуха,Air Flow meter
Расширители арок,Arch extenders
Регулятор давления топлива,Fuel pressure regulator
Регулятор дорожного просвета задний,Rear ground clearance regulator
Регулятор дорожного просвета передний,Ground clearance regulator front
Регулятор напряжения,Voltage regulator
Редуктор АКПП,Automatic transmission gearbox
Редуктор заднего моста,Rear axle gearbox
Редуктор переднего моста,Front axle gearbox
Редуктор рулевой,Steering gear
Резистор АКПП,Automatic transmission resistor
Резонатор (пламягаситель) глушителя,Resonator (flame suppressor) of the muffler
Резонатор воздушного фильтра,Air Filter resonator
Рейка доворота задней оси,Rear axle turn rail
Реле (прочие),Relays (other)
Реле бензонасоса,Fuel pump relay
Реле вентилятора,Fan relay
Реле втягивающее стартера,Starter retractor relay
Реле накала свечей,Candle glow relay
Реле поворотов,Rotation relay
Реле стеклоочистителей (дворников),Wiper relay (wipers)
Ремень безопасности,Safety belt
Ремень безопасности задний левый,Seat belt rear left
Ремень безопасности задний правый,Seat belt rear right
Ремень безопасности задний центральный,Seat belt rear central
Ремень безопасности передний левый,Seat belt front left
Ремень безопасности передний правый,Seat belt front right
Ремень генератора,Generator belt
Ремень ГРМ,Timing belt
Ремень привода рулевой рейки,Steering rack drive belt
Ремкомплект,Repair kit
Ремкомплект компрессора пневмоподвески,Air suspension compressor repair kit
Ремкомплект механизма открытия экрана MMI,Repair kit for the MMI screen opening mechanism
Ремкомплект фар,Headlight repair kit
Ремкомплект фонарей,Lamp Repair Kit
Ресивер воздушный,Receiver Air
Ресивер пневмоподвески,Receiver Air Suspension
Рессора,Spring
Рессора задняя,Rear spring
Рессора передняя,Front spring
Решетка воздухозаборника,Air intake grille
Решетка капота,Hood grille
Решетка радиатора,Radiator grille
Решетки на задние фонари,Grilles on the rear lights
Розетка зарядки автомобиля,Car charging socket
Розетка фаркопа,Towbar socket
Ролик двери сдвижной,Sliding door roller
Ролик натяжителя,Tensioner Roller
Ролик обводной,The bypass roller
Роликовая направляющая,Roller guide
Ротор генератора,Generator rotor
Руководство по эксплуатации (сервисная книжка),Operating manual (service book)
Рулевая колонка,Steering column
Рулевая рейка,Steering rack
Рулевая сошка,Steering bipod
Рулевая трапеция,Steering trapeze
Рулевой карданчик,Steering gimbal
Рулевой маятник,Steering pendulum
Руль,Rudder
Ручка бардачка,Glove box handle
Ручка внутренняя,The handle is internal
Ручка внутренняя задняя левая,Handle inner rear left
Ручка внутренняя задняя правая,Handle inner rear right
Ручка внутренняя передняя левая,Handle inner front left
Ручка внутренняя передняя правая,Handle inner front right
Ручка внутренняя потолочная,Internal ceiling handle
Ручка крышки багажника,Trunk lid handle
Ручка кулисы КПП,The handle of the backstage of the checkpoint
Ручка наружная,External handle
Ручка наружная задняя левая,Handle outer rear left
Ручка наружная задняя правая,Handle outer rear right
Ручка наружная передняя левая,Outer front left handle
Ручка наружная передняя правая,Handle outer front right
Ручка наружная сдвижной двери левой,External sliding door handle left
Ручка наружная сдвижной двери правой,External sliding door handle on the right
Ручка открывания багажника,Trunk opening handle
Ручка открывания капота,Hood opening handle
Ручка открытия заднего бокового стекла,Rear side window opening handle
Ручка открытия лючка топливного бака,Fuel tank hatch opening handle
Ручка переключателя отопителя (печки),Heater (stove) switch knob
Ручка переключения передач,Gear shift knob
Ручка регулировки спинки сиденья,Seat back adjustment knob
Ручка стеклоподъемника,Window lifter handle
Рычаг заднего стеклоочистителя,Rear wiper arm
Рычаг задний,Rear lever
Рычаг задний левый,Lever rear left
Рычаг задний правый,Lever rear right
Рычаг передний,Front lever
Рычаг передний левый,Lever front left
Рычаг передний правый,Lever front right
Рычаг ручного тормоза (ручника),Handbrake lever (handbrake)
Сабвуфер,Subwoofer
Сайлентблок,Silent Block
Салазки сиденья,Sled seats
Салон (комплект сидений),Interior (set of seats)
Сальник,Oil seal
Свеча,Candle
Свеча накала,Glow plug
Свеча накала автономного отопителя,Glow plug of an autonomous heater
Седельно-сцепное устройство,The hitch
Селектор АКПП,Automatic transmission selector
Серводвигатель (моторчик) рулевой рейки,Servo motor (motor) of the steering rack
Сервопривод заслонок впускного коллектора,Servo drive of intake manifold dampers
Сервопривод рулевого управления,Servo steering
Сетка (собачник),Grid (dogman)
Сетка для динамика,Speaker grid
Сетка крепления груза,Cargo securing grid
Сигнал (клаксон),Signal (horn)
Сиденье заднее,Rear seat
Сиденье переднее,Front seat
Сиденье переднее левое,Front left seat
Сиденье переднее правое,Front right seat
Сиденье третий ряд,Seat third row
Силовой провод аккумулятора,Battery Power wire
Сирена,Siren
Система газораспределения,Gas distribution system
Скелет ручки наружной задней левой,The skeleton of the handle of the outer rear left
Скелет ручки наружной задней правой,The skeleton of the handle of the outer rear right
Скелет ручки наружной передней левой,The skeleton of the handle of the outer front left
Скелет ручки наружной передней правой,The skeleton of the handle of the outer front right
Скоба (кронштейн) крепления форсунки,Bracket (bracket) for mounting the nozzle
Скоба суппорта,Caliper bracket
Скоба суппорта заднего,Rear caliper bracket
Скоба суппорта переднего,Front caliper bracket
Соленоид (клапан) АКПП,Automatic transmission solenoid (valve)
Сопротивление вентилятора охлаждения,Cooling fan resistance
Сопротивление печки,Stove resistance
Спальник,Sleeping bag
Спидометр,Speedometer
Спойлер,Spoiler alert
Спойлер кабины,Cabin spoiler
Стабилизатор кабины,Cabin stabilizer
Стабилизатор напряжения,Voltage stabilizer
Стабилизатор подвески (поперечной устойчивости),Suspension stabilizer (lateral stability)
Стабилизатор подвески (поперечной устойчивости) задний,Suspension stabilizer (lateral stability) rear
Стабилизатор подвески (поперечной устойчивости) передний,Suspension stabilizer (lateral stability) front
Стакан (втулка) форсунки,Nozzle cup (sleeve)
Стакан сепаратора,Separator cup
Стартер,Starter
Стартер ксенона (игнитор),Xenon starter (ignitor)
Стартер-генератор,Starter generator
Стекло двери задней левой,Rear left door glass
Стекло двери задней правой,Rear right door glass
Стекло двери передней левой,Front left door glass
Стекло двери передней правой,Front right door glass
Стекло двери сдвижной,Sliding door glass
Стекло заднее,Rear window
Стекло зеркала наружного левого,Outer left mirror glass
Стекло зеркала наружного правого,Outer right mirror glass
Стекло кузовное боковое левое,Left side body glass
Стекло кузовное боковое правое,Body glass side right
Стекло лобовое,Windshield
Стекло люка,Hatch glass
Стекло панорамной крыши,Panoramic roof glass
Стекло фары левой,Left headlight glass
Стекло фары правой,Right headlight glass
Стекло фары противотуманной левой,Glass fog lamp left
Стекло фары противотуманной правой,Right fog lamp glass
Стекло фонаря заднего левого,Rear left lamp glass
Стекло фонаря заднего правого,Rear right lamp glass
Стеклоочиститель фары левой,Left headlight wiper
Стеклоочиститель фары правой,Right headlight wiper
Стеклоподъемник,Window lifter
Стеклоподъемник задний левый,Window lifter rear left
Стеклоподъемник задний правый,Window lifter rear right
Стеклоподъемник передний левый,Window lifter front left
Стеклоподъемник передний правый,Window lifter front right
Стеклоподъемник электрический,Electric window lifter
Стеклоподъемник электрический задний левый,Electric window lifter rear left
Стеклоподъемник электрический задний правый,Electric window lifter rear right
Стеклоподъемник электрический передний левый,Electric window lifter front left
Стеклоподъемник электрический передний правый,Electric window lifter front right
Стойка задняя,Rear rack
Стойка кузовная передняя левая,Body rack front left
Стойка кузовная передняя правая,Body rack front right
Стойка кузовная центральная левая,Body rack central left
Стойка кузовная центральная правая,Body rack central right
Стойка передняя левая,Front left rack
Стойка передняя правая,Front right rack
Стойка стабилизатора задняя,Stabilizer bar rear
Стойка стабилизатора передняя,Stabilizer bar front
Столик,Table
Стоп-сигнал,Stop light
Стопор кабины,Cab stopper
Стремянка,Stepladder
Ступица задняя,Rear hub
Ступица задняя левая,Hub rear left
Ступица задняя правая,Rear right hub
Ступица передняя,Front hub
Ступица передняя левая,Hub front left
Ступица передняя правая,Hub front right
Суппорт,Caliper
Суппорт задний левый,Rear left caliper
Суппорт задний правый,Rear right caliper
Суппорт передний левый,Caliper front left
Суппорт передний правый,Caliper front right
Тахограф,Tachograph
Телефон штатный,Regular phone number
Тент,Awning
Тепловой экран глушителя,Muffler heat shield
Теплозащита кузова,Thermal protection of the body
Теплообменник масляного фильтра,Oil Filter Heat Exchanger
Термограф,Thermograph
Термос антифриза,Antifreeze thermos
Термостат,Thermostat
ТНВД,Fuel pump
Толкатель клапана,Valve tappet
Топливная рампа,Fuel ramp
Топливный теплообменник (подогреватель топлива),Fuel heat exchanger (fuel heater)
Тормозные колодки,Brake pads
Тормозные колодки задние,Rear brake pads
Тормозные колодки передние,Front brake pads
Торсион кабины,Cabin torsion bar
Торсион крышки багажника,Trunk lid torsion
Торсион подвески,Suspension Torsion bar
Траверса верхняя,Upper traverse
Траверса нижняя,Lower traverse
Трос газа,Gas cable
Трос двери,Door cable
Трос двери задней,Rear door cable
Трос двери передней,Front door cable
Трос капота,Hood cable
Трос кулисы КПП,Cable of the backstage of the checkpoint
Трос люка,Hatch cable
Трос опережения зажигания (трос подсоса),Ignition timing cable (suction cable)
Трос открывания багажника,Trunk opening cable
Трос открывания лючка топливного бака,Fuel tank hatch opening cable
Трос отопителя (печки),Heater cable (stove)
Трос ручника,Handbrake cable
Трос спидометра,Speedometer cable
Трос сцепления,Clutch cable
Труба интеркулера,Intercooler pipe
Труба перепускная,Bypass pipe
Труба приемная глушителя,Silencer receiving pipe
Трубка Dynamic Drive,Dynamic Drive Tube
Трубка вакуумная,Vacuum tube
Трубка вакуумного насоса,Vacuum Pump Tube
Трубка гидравлическая,Hydraulic tube
Трубка гидроусилителя,Power steering tube
Трубка компрессора,Compressor tube
Трубка кондиционера,Air conditioner tube
Трубка масляного радиатора,Oil Radiator tube
Трубка масляного щупа,Oil probe tube
Трубка обратки форсунок,Nozzle return tube
Трубка омывателя (шланг омывателя),Washer tube (washer hose)
Трубка охлаждающей жидкости металлическая,"Coolant tube, metal"
Трубка охлаждающей жидкости пластиковая,"Coolant tube, plastic"
Трубка пневмоподвески,Air suspension tube
Трубка сажевого фильтра,Particulate filter tube
Трубка системы рециркуляции EGR,EGR Recirculation System Tube
Трубка сцепления,Clutch tube
Трубка ТНВД,Fuel pump tube
Трубка топливная,Fuel tube
Трубка тормозная,Brake tube
Трубка турбины,Turbine tube
Трубки автономного отопителя,Autonomous heater tubes
Турбина,Turbine
Тяга,Thrust
Тяга датчика положения кузова,Traction of the body position sensor
Тяга кулисы КПП,The thrust of the backstage of the checkpoint
Тяга открывания двери,Door opening pull
Тяга привода заслонки дроссельной,Throttle valve drive thrust
Тяга развальная,The thrust is collapsible
Тяга реактивная,Jet thrust
Тяга рулевая,Steering rod
Тяга ручника,Handbrake pull
Узел педальный (блок педалей),Pedal assembly (pedal block)
Уплотнитель,Sealer
Уплотнитель багажника,Trunk seal
Уплотнитель двери задней левой,Rear left door seal
Уплотнитель двери задней правой,Rear right door seal
Уплотнитель двери передней левой,Front left door seal
Уплотнитель двери передней правой,Front right door seal
Уплотнитель двери сдвижной,Sliding door seal
Уплотнитель капота,Hood sealer
Уплотнитель люка,Hatch seal
Уплотнитель стекла лобового,Windshield glass sealer
Упор противооткатный,The stop is anti-rollback
Ус под фару,Mustache under the headlight
Ус под фару левый,Mustache under the headlight left
Ус под фару правый,Mustache under the right headlight
Ус под фонарь,Mustache under the lantern
Ус под фонарь левый,Mustache under the left lamp
Ус под фонарь правый,Mustache under the right lamp
Усилитель антенны,Antenna Amplifier
Усилитель бампера,Bumper booster
Усилитель бампера заднего,Rear bumper booster
Усилитель бампера переднего,Front bumper booster
Усилитель музыкальный,Music amplifier
Усилитель порога,Threshold amplifier
Усилитель торпедо,Torpedo Booster
Успокоитель масляный,Oil sedative
Успокоитель цепи ГРМ,Timing Chain Calmer
Фазорегулятор,Phase regulator
Фара дополнительная (прожектор),Additional headlight (spotlight)
Фара левая,Left headlight
Фара передняя (комплект),Front headlight (set)
Фара правая,Right headlight
Фара противотуманная (комплект),Fog lamp (set)
Фара противотуманная левая,Fog lamp left
Фара противотуманная правая,Fog lamp right
Фильтр АКПП,Automatic transmission filter
Фильтр воздушный,Air filter
Фильтр масляный,Oil filter
Фильтр подъема топлива,Fuel Lift Filter
Фильтр сажевый,Particulate filter
Фильтр салонный,Salon filter
Фильтр топливный,Fuel filter
Флажок кулисы КПП,The check box behind the scenes of the checkpoint
Фланец,Flange
Фланец (тройник) системы охлаждения,Flange (tee) of the cooling system
Фланец КПП,Gearbox flange
Фланец ступицы задней,Rear hub flange
Фланец турбины,Turbine flange
Фонарик штатный,Standard flashlight
Фонарь габаритный,Overall lamp
Фонарь габаритный задний левый,Taillight overall left
Фонарь габаритный задний правый,Taillight rear right
Фонарь габаритный передний левый,Marker lamp front left
Фонарь габаритный передний правый,Front right marker light
Фонарь заднего хода,Reversing light
Фонарь задний (комплект),Taillight (set)
Фонарь задний левый,Taillight left
Фонарь задний правый,Right rear light
Фонарь крышки багажника левый,Trunk lid lamp left
Фонарь крышки багажника правый,Trunk lid light right
Фонарь освещения багажника,Trunk light
Фонарь противотуманный левый,Fog lamp left
Фонарь противотуманный правый,Right fog lamp
Фонарь противотуманный центральный,Central fog lamp
Фонарь салона (плафон),Interior lamp (plafond)
Форкамера,Forkamera
Форсунка,Nozzle
Форсунка Adblue,Adblue Nozzle
Форсунка газовая,Gas nozzle
Форсунка омывателя,Washer nozzle
Форсунка омывателя заднего стекла,Rear window washer nozzle
Форсунка омывателя фар,Headlight washer nozzle
Форсунка управляющая,Control nozzle
Форточка задняя левая,Rear left window pane
Форточка задняя правая,Rear right window pane
Форточка передняя левая,Front left window pane
Форточка передняя правая,Front right window pane
Хвостовик (фланец) заднего моста,Rear axle shank (flange)
Хвостовик (фланец) переднего моста,Shank (flange) of the front axle
Хвостовик КПП,Gearbox shank
Холодильная установка,Refrigeration unit
Хомут глушителя,Muffler clamp
Цанга,Tsanga
Цапфа задняя (ось ступицы),Rear axle (hub axle)
Цапфа передняя левая,Front left axle
Цапфа передняя правая,Front right axle
Центрифуга,Centrifuge
Цепь,Chain
Цепь ГРМ,Timing chain
Цилиндр подъёма кабины,Cab lift cylinder
Цилиндр рулевого управления,Steering cylinder
Цилиндр сцепления главный,Clutch cylinder main
Цилиндр сцепления рабочий,Clutch cylinder working
Цилиндр тормозной главный,Brake main cylinder
Цилиндр тормозной рабочий,Brake working cylinder
Часть кузова (вырезанный элемент),Body part (cut-out element)
Часы,Watch
Четверть задняя левая,Quarter rear left
Четверть задняя правая,Quarter rear right
Четверть передняя левая,Front left quarter
Четверть передняя правая,Quarter front right
Чехлы для сидений,Seat covers
Чехол запаски,Spare wheel cover
Чехол рычага КПП,Gearshift lever cover
Чехол рычага ручного тормоза (ручника),Cover of the handbrake lever (handbrake)
Чехол-сумка зарядного устройства,Charger case-bag
Чулок (картер) заднего моста,Stocking (crankcase) of the rear axle
Чулок (картер) переднего моста,Stocking (crankcase) of the front axle
Шайба,Puck
Шайба стопорная,Locking washer
Шаровая опора,Ball bearing
Шатун,Connecting rod
Шестерня,Gear
Шестерня коленвала,Crankshaft gear
Шестерня спидометра,Speedometer gear
Шкворень,Pin
Шкив,Pulley
Шкив вискомуфты,Viskomufta pulley
Шкив генератора,Generator pulley
Шкив коленвала,Crankshaft pulley
Шкив насоса гидроусилителя,Hydraulic booster pump pulley
Шкив помпы,Pump pulley
Шкив промежуточного вала,Intermediate shaft pulley
Шкив распредвала,Camshaft pulley
Шкив ТНВД,Fuel pump pulley
Шланг (трубка) АКПП,Automatic transmission hose (tube)
Шланг гидроусилителя,Power steering hose
Шланг гидроусилителя высокого давления,High pressure hydraulic booster hose
Шланг гидроусилителя низкого давления,Low Pressure hydraulic booster hose
Шланг тормозной,Brake hose
Шлейф руля,Steering wheel train
ШРУС внутренний,Internal SHRUS
ШРУС карданного вала,Cardan shaft JOINT
ШРУС наружный,External SHRUS
Штанга толкателя,Pusher rod
Шток (палец) заднего гидроцилиндра,Stem (finger) of the rear hydraulic cylinder
Шторка багажника,Trunk curtain
Шторка двери,Door curtain
Шторка заднего стекла,Rear window blind
Шторка крыши,Roof curtain
Шторка люка,Sunroof curtain
Шторки салонные (комплект),Salon curtains (set)
Штуцер,Fitting
Шумоизоляция двери задней левой,Sound insulation of the rear left door
Шумоизоляция двери задней правой,Sound insulation of the rear right door
Шумоизоляция двери передней левой,Sound insulation of the front left door
Шумоизоляция двери передней правой,Sound insulation of the front right door
Шумоизоляция двигателя,Engine noise insulation
Шумоизоляция капота,Noise insulation of the hood
Шумоизоляция колесных арок,Noise insulation of wheel arches
Шумоизоляция КПП,Noise isolation of the checkpoint
Шумоизоляция моторного отсека,Noise insulation of the engine compartment
Щетки стеклоочистителя,Wiper blades
"Щеткодержатель (поводок стеклоочистителя, дворник)","Brush holder (wiper leash, wiper)"
Щеткодержатель задний,Rear brush holder
Щиток приборов (приборная панель),Instrument panel (dashboard)
Щуп двигателя,Engine dipstick
Щуп КПП,Checkpoint probe
Электрический отопитель салона,Electric interior heater
Электрический радиатор отопителя (тэн),Electric radiator heater (ten)
Электрический усилитель тормозов,Electric brake booster
Электрогидроусилитель руля,Electric hydraulic power steering
Электродвигатель гибрида,Hybrid electric motor
Электромотор раздаточной коробки,Transfer case electric motor
Электронная плата АКПП,Electronic automatic transmission board
Электропривод,Electric drive
Электропривод багажника,Electric trunk drive
Электропривод двери задней левой,Electric drive of the rear left door
Электропривод двери задней правой,Electric drive of the rear right door
Электропривод двери передней левой,Electric drive of the front left door
Электропривод двери передней правой,Electric drive of the front right door
Электропривод двери сдвижной,Electric sliding door drive
Электропривод замка капота,Electric drive of the hood lock
Электропривод форточки задней левой,Electric drive of the rear left window
Электропривод форточки задней правой,Electric drive of the rear right window
Электроручник,Electric assistant
Электроусилитель руля,Electric power steering
Эмблема,Emblem
Энергоаккумулятор,Energy accumulator
Юбка бампера заднего,Rear Bumper Skirt
Юбка бампера нижняя,Lower bumper skirt
Юбка бампера переднего,Front Bumper Skirt
